{
"lengthUnit": "mil",
"components": {
	"fields": ["COMPONENT_NO", "COMPONENT_NAME", "LAYER", "X_COORDINATE", "Y_COORDINATE", "ANGLE"],
	"rows": [
		[1, "BT1", "B", 1390, -1462, 0],
		[2, "C1", "T", 1532, -2709, 270],
		[3, "C2", "T", 1771, -2584, 0],
		[4, "C3", "T", 903, -2610, 0],
		[5, "C4", "T", 747, -2591, 270],
		[6, "C12", "T", 1572.41, -2585.94, 0],
		[7, "C15", "T", 1333.16, -2712.33, 90],
		[8, "C16", "T", 822, -3028, 0],
		[9, "C20", "T", 1490, -2406, 270],
		[10, "C21", "T", 1246, -1636, 270],
		[11, "C22", "T", 1370.89, -2404.84, 180],
		[12, "C23", "T", 1162.89, -1636.88, 270],
		[13, "C24", "T", 1256.86, -2238.53, 90],
		[14, "C25", "T", 1049.48, -1856, 270],
		[15, "C26", "T", 1210.86, -2368.53, 0],
		[16, "C27", "T", 1156.86, -2238.53, 90],
		[17, "C28", "T", 1619.48, -1876.53, 180],
		[18, "C29", "T", 1597.48, -2076.53, 180],
		[19, "C30", "T", 1210.86, -2450.53, 0],
		[20, "C31", "T", 1101.2, -2102.53, 0],
		[21, "C32", "T", 1056.86, -2238.53, 90],
		[22, "C35", "T", 1116.93, -1486, 0],
		[23, "C36", "T", 904, -1442, 180],
		[24, "C37", "T", 1438.75, -1638.62, 270],
		[25, "C38", "T", 1271.62, -1484.11, 270],
		[26, "D1", "T", 753, -2865, 270],
		[27, "D9", "T", 1930, -2734, 270],
		[28, "D10", "T", 1512, -2896, 270],
		[29, "H6", "T", 952, -1698, 90],
		[30, "H7", "T", 1730, -2442, 180],
		[31, "H8", "T", 1710, -1640, 0],
		[32, "H9", "T", 952, -2112, 90],
		[33, "H10", "T", 1710, -1500, 0],
		[34, "H11", "T", 840.9, -1698.88, 270],
		[35, "H12", "T", 840, -2112, 90],
		[36, "LED1", "T", 1924, -2596, 270],
		[37, "LED2", "T", 1831.76, -2258.62, 0],
		[38, "LED3", "T", 748, -312, 0],
		[39, "P1", "T", 1260, -3208, 0],
		[40, "Q1", "T", 863, -2841, 90],
		[41, "R1", "T", 1902, -2988, 180],
		[42, "R2", "T", 1648, -2988, 0],
		[43, "R3", "T", 1793.64, -2770.71, 180],
		[44, "R4", "T", 1795, -2689, 0],
		[45, "R7", "T", 783, -2720, 180],
		[46, "R8", "T", 943, -2720, 180],
		[47, "R13", "T", 1760, -2346, 180],
		[48, "R14", "T", 756, -401, 180],
		[49, "R15", "T", 1334, -2564, 90],
		[50, "R26", "T", 1621.77, -2873.81, 270],
		[51, "R27", "T", 1911.77, -2889.51, 270],
		[52, "R28", "T", 1082.72, -2394.11, 90],
		[53, "R29", "T", 934.52, -2397.57, 0],
		[54, "R30", "T", 778.52, -2381.88, 180],
		[55, "R31", "T", 1342.5, -1642.36, 90],
		[56, "RF1", "T", 2056, -98, 0],
		[57, "SW3", "T", 1144, -2606, 270],
		[58, "SW4", "T", 1384, -2910, 90],
		[59, "U2", "T", 1649.53, -2719.94, 90],
		[60, "U22", "T", 1392, -598, 180],
		[61, "U24", "T", 1335.48, -1939.2, 180],
		[62, "U25", "T", 1506, -2238, 90],
		[63, "U26", "T", 1810, -1950, 270],
		[64, "U27", "T", 1108.13, -2868.9, 0],
		[65, "USBC1", "T", 1778, -3156, 0],
		[66, "X1", "T", 1393.89, -1493.2, 180],
		[67, "PAD1", "T", 720, 130, 0],
		[68, "PAD1", "B", 720, 130, 0],
		[69, "PAD2", "T", 2064, 130, 0],
		[70, "PAD2", "B", 2064, 130, 0],
		[71, "PAD3", "T", 2064, -3202.45, 0],
		[72, "PAD3", "B", 2064, -3202.45, 0],
		[73, "PAD4", "T", 720, -3202.45, 0],
		[74, "PAD4", "B", 720, -3202.45, 0],
		[75, "PAD5", "T", 745, -1362, 0],
		[76, "PAD5", "B", 745, -1362, 0],
		[77, "PAD6", "T", 845, -1362, 0],
		[78, "PAD6", "B", 845, -1362, 0],
		[79, "PAD7", "T", 1145, -1362, 0],
		[80, "PAD7", "B", 1145, -1362, 0],
		[81, "PAD8", "T", 1045, -1362, 0],
		[82, "PAD8", "B", 1045, -1362, 0],
		[83, "PAD9", "T", 1245, -1362, 0],
		[84, "PAD9", "B", 1245, -1362, 0],
		[85, "PAD10", "T", 1345, -1362, 0],
		[86, "PAD10", "B", 1345, -1362, 0],
		[87, "PAD11", "T", 1445, -1362, 0],
		[88, "PAD11", "B", 1445, -1362, 0],
		[89, "PAD12", "T", 1545, -1362, 0],
		[90, "PAD12", "B", 1545, -1362, 0],
		[91, "PAD13", "T", 1645, -1362, 0],
		[92, "PAD13", "B", 1645, -1362, 0],
		[93, "PAD14", "T", 1745, -1362, 0],
		[94, "PAD14", "B", 1745, -1362, 0],
		[95, "PAD15", "T", 1845, -1362, 0],
		[96, "PAD15", "B", 1845, -1362, 0],
		[97, "PAD16", "T", 1945, -1362, 0],
		[98, "PAD16", "B", 1945, -1362, 0],
		[99, "PAD17", "T", 945, -1362, 0],
		[100, "PAD17", "B", 945, -1362, 0],
		[101, "PAD18", "T", 964, -2520, 0],
		[102, "PAD18", "B", 964, -2520, 0],
		[103, "PAD19", "T", 1046, -2522, 0],
		[104, "PAD19", "B", 1046, -2522, 0]
	]
},
"pins": {
	"fields": ["PIN_NO", "PIN_NAME", "PIN_X", "PIN_Y", "LAYER", "PIN_TYPE", "NET_NAME", "NET_TYPE", "PAD_SHAPE", "PAD_SIZEX", "PAD_SIZEY", "HOLE_SIZE", "PAD_ANGLE"],
	"rows": [
		[1, "BT1_1", 1390, 164.5, "B", "SMD", "GND", "GND", "R", 300, 118.11, 0, 0],
		[2, "BT1_2", 1390, -3088.5, "B", "SMD", "$2N21422", "", "R", 300, 118.11, 0, 0],
		[3, "C1_1", 1532, -2668.45, "T", "SMD", "GND", "GND", "R", 55.51, 53.15, 0, 270],
		[4, "C1_2", 1532, -2749.55, "T", "SMD", "+5V", "", "R", 55.51, 53.15, 0, 270],
		[5, "C2_1", 1697.75, -2584, "T", "SMD", "$2N21422", "", "R", 59.3, 93.54, 0, 180],
		[6, "C2_2", 1844.25, -2584, "T", "SMD", "GND", "GND", "R", 59.3, 93.54, 0, 180],
		[7, "C3_1", 829.75, -2610, "T", "SMD", "VCC", "", "R", 59.3, 93.54, 0, 180],
		[8, "C3_2", 976.25, -2610, "T", "SMD", "GND", "GND", "R", 59.3, 93.54, 0, 180],
		[9, "C4_1", 747, -2550.45, "T", "SMD", "GND", "GND", "R", 55.51, 53.15, 0, 270],
		[10, "C4_2", 747, -2631.55, "T", "SMD", "VUSB", "", "R", 55.51, 53.15, 0, 270],
		[11, "C12_1", 1531.86, -2585.94, "T", "SMD", "GND", "GND", "R", 55.51, 53.15, 0, 0],
		[12, "C12_2", 1612.96, -2585.94, "T", "SMD", "$2N21422", "", "R", 55.51, 53.15, 0, 0],
		[13, "C15_1", 1333.16, -2752.88, "T", "SMD", "GND", "GND", "R", 55.51, 53.15, 0, 90],
		[14, "C15_2", 1333.16, -2671.78, "T", "SMD", "RESET", "", "R", 55.51, 53.15, 0, 90],
		[15, "C16_1", 755.61, -3028, "T", "SMD", "3.3V", "", "R", 69.19, 51.02, 0, 180],
		[16, "C16_2", 888.39, -3028, "T", "SMD", "GND", "GND", "R", 69.19, 51.02, 0, 180],
		[17, "C20_1", 1490, -2378.44, "T", "SMD", "3.3V", "", "R", 31.5, 35.43, 0, 270],
		[18, "C20_2", 1490, -2433.56, "T", "SMD", "GND", "GND", "R", 31.5, 35.43, 0, 270],
		[19, "C21_1", 1246, -1595.45, "T", "SMD", "GND", "GND", "R", 55.51, 53.15, 0, 270],
		[20, "C21_2", 1246, -1676.55, "T", "SMD", "3.3V", "", "R", 55.51, 53.15, 0, 270],
		[21, "C22_1", 1411.44, -2404.84, "T", "SMD", "GND", "GND", "R", 55.51, 53.15, 0, 180],
		[22, "C22_2", 1330.34, -2404.84, "T", "SMD", "1V1", "", "R", 55.51, 53.15, 0, 180],
		[23, "C23_1", 1162.89, -1596.33, "T", "SMD", "GND", "GND", "R", 55.51, 53.15, 0, 270],
		[24, "C23_2", 1162.89, -1677.43, "T", "SMD", "1V1", "", "R", 55.51, 53.15, 0, 270],
		[25, "C24_1", 1256.86, -2279.08, "T", "SMD", "GND", "GND", "R", 55.51, 53.15, 0, 90],
		[26, "C24_2", 1256.86, -2197.98, "T", "SMD", "1V1", "", "R", 55.51, 53.15, 0, 90],
		[27, "C25_1", 1049.48, -1815.45, "T", "SMD", "GND", "GND", "R", 55.51, 53.15, 0, 270],
		[28, "C25_2", 1049.48, -1896.55, "T", "SMD", "3.3V", "", "R", 55.51, 53.15, 0, 270],
		[29, "C26_1", 1170.31, -2368.53, "T", "SMD", "GND", "GND", "R", 55.51, 53.15, 0, 0],
		[30, "C26_2", 1251.41, -2368.53, "T", "SMD", "3.3V", "", "R", 55.51, 53.15, 0, 0],
		[31, "C27_1", 1156.86, -2279.08, "T", "SMD", "GND", "GND", "R", 55.51, 53.15, 0, 90],
		[32, "C27_2", 1156.86, -2197.98, "T", "SMD", "3.3V", "", "R", 55.51, 53.15, 0, 90],
		[33, "C28_1", 1660.03, -1876.53, "T", "SMD", "GND", "GND", "R", 55.51, 53.15, 0, 180],
		[34, "C28_2", 1578.93, -1876.53, "T", "SMD", "3.3V", "", "R", 55.51, 53.15, 0, 180],
		[35, "C29_1", 1638.03, -2076.53, "T", "SMD", "GND", "GND", "R", 55.51, 53.15, 0, 180],
		[36, "C29_2", 1556.93, -2076.53, "T", "SMD", "3.3V", "", "R", 55.51, 53.15, 0, 180],
		[37, "C30_1", 1170.31, -2450.53, "T", "SMD", "GND", "GND", "R", 55.51, 53.15, 0, 0],
		[38, "C30_2", 1251.41, -2450.53, "T", "SMD", "3.3V", "", "R", 55.51, 53.15, 0, 0],
		[39, "C31_1", 1060.65, -2102.53, "T", "SMD", "GND", "GND", "R", 55.51, 53.15, 0, 0],
		[40, "C31_2", 1141.75, -2102.53, "T", "SMD", "3.3V", "", "R", 55.51, 53.15, 0, 0],
		[41, "C32_1", 1056.86, -2279.08, "T", "SMD", "GND", "GND", "R", 55.51, 53.15, 0, 90],
		[42, "C32_2", 1056.86, -2197.98, "T", "SMD", "$2N13721", "", "R", 55.51, 53.15, 0, 90],
		[43, "C35_1", 1043.68, -1486, "T", "SMD", "VCC", "", "R", 59.3, 93.54, 0, 180],
		[44, "C35_2", 1190.18, -1486, "T", "SMD", "GND", "GND", "R", 59.3, 93.54, 0, 180],
		[45, "C36_1", 944.55, -1442, "T", "SMD", "VCC", "", "R", 55.51, 53.15, 0, 180],
		[46, "C36_2", 863.45, -1442, "T", "SMD", "GND", "GND", "R", 55.51, 53.15, 0, 180],
		[47, "C37_1", 1438.75, -1611.06, "T", "SMD", "$2N12498", "", "R", 31.5, 35.43, 0, 270],
		[48, "C37_2", 1438.75, -1666.18, "T", "SMD", "GND", "GND", "R", 31.5, 35.43, 0, 270],
		[49, "C38_1", 1271.62, -1456.55, "T", "SMD", "GND", "GND", "R", 31.5, 35.43, 0, 270],
		[50, "C38_2", 1271.62, -1511.67, "T", "SMD", "$2N36053", "", "R", 31.5, 35.43, 0, 270],
		[51, "D1_1", 753, -2803.98, "T", "SMD", "VCC", "", "R", 39.37, 47.24, 0, 270],
		[52, "D1_2", 753, -2926.02, "T", "SMD", "VUSB", "", "R", 39.37, 47.24, 0, 270],
		[53, "D9_1", 1930, -2672.98, "T", "SMD", "+5V", "", "R", 39.37, 47.24, 0, 270],
		[54, "D9_2", 1930, -2795.02, "T", "SMD", "VUSB", "", "R", 39.37, 47.24, 0, 270],
		[55, "D10_1", 1512, -2834.98, "T", "SMD", "+5V", "", "R", 39.37, 47.24, 0, 270],
		[56, "D10_2", 1512, -2957.02, "T", "SMD", "$2N21423", "", "R", 39.37, 47.24, 0, 270],
		[57, "H6_1", 952, -1848, "T", "DIP", "GND", "GND", "R", 66.93, 66.93, 43.31, 90],
		[58, "H6_1", 952, -1848, "B", "DIP", "GND", "GND", "R", 66.93, 66.93, 43.31, 90],
		[59, "H6_2", 952, -1748, "T", "DIP", "$2N13936", "", "C", 66.93, 66.93, 43.31, 90],
		[60, "H6_2", 952, -1748, "B", "DIP", "$2N13936", "", "C", 66.93, 66.93, 43.31, 90],
		[61, "H6_3", 952, -1648, "T", "DIP", "$2N13938", "", "C", 66.93, 66.93, 43.31, 90],
		[62, "H6_3", 952, -1648, "B", "DIP", "$2N13938", "", "C", 66.93, 66.93, 43.31, 90],
		[63, "H6_4", 952, -1548, "T", "DIP", "3.3V", "", "C", 66.93, 66.93, 43.31, 90],
		[64, "H6_4", 952, -1548, "B", "DIP", "3.3V", "", "C", 66.93, 66.93, 43.31, 90],
		[65, "H7_1", 1880, -2442, "T", "DIP", "3.3V", "", "R", 66.93, 66.93, 43.31, 180],
		[66, "H7_1", 1880, -2442, "B", "DIP", "3.3V", "", "R", 66.93, 66.93, 43.31, 180],
		[67, "H7_2", 1780, -2442, "T", "DIP", "UART0-RX", "", "C", 66.93, 66.93, 43.31, 180],
		[68, "H7_2", 1780, -2442, "B", "DIP", "UART0-RX", "", "C", 66.93, 66.93, 43.31, 180],
		[69, "H7_3", 1680, -2442, "T", "DIP", "UART0-TX", "", "C", 66.93, 66.93, 43.31, 180],
		[70, "H7_3", 1680, -2442, "B", "DIP", "UART0-TX", "", "C", 66.93, 66.93, 43.31, 180],
		[71, "H7_4", 1580, -2442, "T", "DIP", "GND", "GND", "C", 66.93, 66.93, 43.31, 180],
		[72, "H7_4", 1580, -2442, "B", "DIP", "GND", "GND", "C", 66.93, 66.93, 43.31, 180],
		[73, "H8_1", 1560, -1640, "T", "DIP", "3.3V", "", "R", 66.93, 66.93, 43.31, 0],
		[74, "H8_1", 1560, -1640, "B", "DIP", "3.3V", "", "R", 66.93, 66.93, 43.31, 0],
		[75, "H8_2", 1660, -1640, "T", "DIP", "UART1-RX", "", "C", 66.93, 66.93, 43.31, 0],
		[76, "H8_2", 1660, -1640, "B", "DIP", "UART1-RX", "", "C", 66.93, 66.93, 43.31, 0],
		[77, "H8_3", 1760, -1640, "T", "DIP", "UART1-TX", "", "C", 66.93, 66.93, 43.31, 0],
		[78, "H8_3", 1760, -1640, "B", "DIP", "UART1-TX", "", "C", 66.93, 66.93, 43.31, 0],
		[79, "H8_4", 1860, -1640, "T", "DIP", "GND", "GND", "C", 66.93, 66.93, 43.31, 0],
		[80, "H8_4", 1860, -1640, "B", "DIP", "GND", "GND", "C", 66.93, 66.93, 43.31, 0],
		[81, "H9_1", 952, -2262, "T", "DIP", "3.3V", "", "R", 66.93, 66.93, 43.31, 90],
		[82, "H9_1", 952, -2262, "B", "DIP", "3.3V", "", "R", 66.93, 66.93, 43.31, 90],
		[83, "H9_2", 952, -2162, "T", "DIP", "I2C0-CLK", "", "C", 66.93, 66.93, 43.31, 90],
		[84, "H9_2", 952, -2162, "B", "DIP", "I2C0-CLK", "", "C", 66.93, 66.93, 43.31, 90],
		[85, "H9_3", 952, -2062, "T", "DIP", "I2C0-DAT", "", "C", 66.93, 66.93, 43.31, 90],
		[86, "H9_3", 952, -2062, "B", "DIP", "I2C0-DAT", "", "C", 66.93, 66.93, 43.31, 90],
		[87, "H9_4", 952, -1962, "T", "DIP", "GND", "GND", "C", 66.93, 66.93, 43.31, 90],
		[88, "H9_4", 952, -1962, "B", "DIP", "GND", "GND", "C", 66.93, 66.93, 43.31, 90],
		[89, "H10_1", 1560, -1500, "T", "DIP", "3.3V", "", "R", 66.93, 66.93, 43.31, 0],
		[90, "H10_1", 1560, -1500, "B", "DIP", "3.3V", "", "R", 66.93, 66.93, 43.31, 0],
		[91, "H10_2", 1660, -1500, "T", "DIP", "I2C1-CLK", "", "C", 66.93, 66.93, 43.31, 0],
		[92, "H10_2", 1660, -1500, "B", "DIP", "I2C1-CLK", "", "C", 66.93, 66.93, 43.31, 0],
		[93, "H10_3", 1760, -1500, "T", "DIP", "I2C1-DAT", "", "C", 66.93, 66.93, 43.31, 0],
		[94, "H10_3", 1760, -1500, "B", "DIP", "I2C1-DAT", "", "C", 66.93, 66.93, 43.31, 0],
		[95, "H10_4", 1860, -1500, "T", "DIP", "GND", "GND", "C", 66.93, 66.93, 43.31, 0],
		[96, "H10_4", 1860, -1500, "B", "DIP", "GND", "GND", "C", 66.93, 66.93, 43.31, 0],
		[97, "H11_1", 840.9, -1548.88, "T", "DIP", "3.3V", "", "R", 66.93, 66.93, 43.31, 270],
		[98, "H11_1", 840.9, -1548.88, "B", "DIP", "3.3V", "", "R", 66.93, 66.93, 43.31, 270],
		[99, "H11_2", 840.9, -1648.88, "T", "DIP", "GPIO12", "", "C", 66.93, 66.93, 43.31, 270],
		[100, "H11_2", 840.9, -1648.88, "B", "DIP", "GPIO12", "", "C", 66.93, 66.93, 43.31, 270],
		[101, "H11_3", 840.9, -1748.88, "T", "DIP", "GPIO22", "", "C", 66.93, 66.93, 43.31, 270],
		[102, "H11_3", 840.9, -1748.88, "B", "DIP", "GPIO22", "", "C", 66.93, 66.93, 43.31, 270],
		[103, "H11_4", 840.9, -1848.88, "T", "DIP", "GND", "GND", "C", 66.93, 66.93, 43.31, 270],
		[104, "H11_4", 840.9, -1848.88, "B", "DIP", "GND", "GND", "C", 66.93, 66.93, 43.31, 270],
		[105, "H12_1", 840, -2262, "T", "DIP", "ADC1-GPIO27", "", "R", 66.93, 66.93, 43.31, 90],
		[106, "H12_1", 840, -2262, "B", "DIP", "ADC1-GPIO27", "", "R", 66.93, 66.93, 43.31, 90],
		[107, "H12_2", 840, -2162, "T", "DIP", "ADC2-GPIO28", "", "C", 66.93, 66.93, 43.31, 90],
		[108, "H12_2", 840, -2162, "B", "DIP", "ADC2-GPIO28", "", "C", 66.93, 66.93, 43.31, 90],
		[109, "H12_3", 840, -2062, "T", "DIP", "ADC3-GPIO29", "", "C", 66.93, 66.93, 43.31, 90],
		[110, "H12_3", 840, -2062, "B", "DIP", "ADC3-GPIO29", "", "C", 66.93, 66.93, 43.31, 90],
		[111, "H12_4", 840, -1962, "T", "DIP", "GND", "GND", "C", 66.93, 66.93, 43.31, 90],
		[112, "H12_4", 840, -1962, "B", "DIP", "GND", "GND", "C", 66.93, 66.93, 43.31, 90],
		[113, "LED1_1", 1924, -2564.53, "T", "SMD", "$2N21417", "", "R", 31.5, 31.5, 0, 0],
		[114, "LED1_2", 1924, -2627.47, "T", "SMD", "+5V", "", "R", 31.5, 31.5, 0, 0],
		[115, "LED2_1", 1873.11, -2258.62, "T", "SMD", "$2N20242", "", "R", 39.37, 55.1, 0, 180],
		[116, "LED2_2", 1790.41, -2258.62, "T", "SMD", "GND", "GND", "R", 39.37, 55.1, 0, 180],
		[117, "LED3_1", 789.35, -312, "T", "SMD", "$2N20240", "", "R", 39.37, 55.1, 0, 180],
		[118, "LED3_2", 706.65, -312, "T", "SMD", "GND", "GND", "R", 39.37, 55.1, 0, 180],
		[119, "P1_1", 1060, -3208, "T", "DIP", "GND", "GND", "R", 157.48, 78.74, 51.18, 180],
		[120, "P1_1", 1060, -3208, "B", "DIP", "GND", "GND", "R", 157.48, 78.74, 51.18, 180],
		[121, "P1_2", 1260, -3208, "T", "DIP", "$2N21422", "", "R", 157.48, 78.74, 51.18, 180],
		[122, "P1_2", 1260, -3208, "B", "DIP", "$2N21422", "", "R", 157.48, 78.74, 51.18, 180],
		[123, "P1_3", 1460, -3208, "T", "DIP", "$2N21423", "", "R", 157.48, 78.74, 51.18, 180],
		[124, "P1_3", 1460, -3208, "B", "DIP", "$2N21423", "", "R", 157.48, 78.74, 51.18, 180],
		[125, "Q1_1", 900.4, -2795.72, "T", "SMD", "$2N21420", "", "R", 39.37, 31.5, 0, 270],
		[126, "Q1_2", 825.6, -2795.72, "T", "SMD", "VCC", "", "R", 39.37, 31.5, 0, 270],
		[127, "Q1_3", 863, -2886.28, "T", "SMD", "$2N21422", "", "R", 39.37, 31.5, 0, 270],
		[128, "R1_1", 1941.37, -2988, "T", "SMD", "GND", "GND", "R", 44.59, 54.21, 0, 180],
		[129, "R1_2", 1862.63, -2988, "T", "SMD", "$2N20057", "", "R", 44.59, 54.21, 0, 180],
		[130, "R2_1", 1608.63, -2988, "T", "SMD", "GND", "GND", "R", 44.59, 54.21, 0, 0],
		[131, "R2_2", 1687.37, -2988, "T", "SMD", "$2N20056", "", "R", 44.59, 54.21, 0, 0],
		[132, "R3_1", 1833.01, -2770.71, "T", "SMD", "GND", "GND", "R", 44.59, 54.21, 0, 180],
		[133, "R3_2", 1754.27, -2770.71, "T", "SMD", "$2N21421", "", "R", 44.59, 54.21, 0, 180],
		[134, "R4_1", 1755.63, -2689, "T", "SMD", "$2N21416", "", "R", 44.59, 54.21, 0, 0],
		[135, "R4_2", 1834.37, -2689, "T", "SMD", "$2N21417", "", "R", 44.59, 54.21, 0, 0],
		[136, "R7_1", 822.37, -2720, "T", "SMD", "$2N21420", "", "R", 44.59, 54.21, 0, 180],
		[137, "R7_2", 743.63, -2720, "T", "SMD", "VUSB", "", "R", 44.59, 54.21, 0, 180],
		[138, "R8_1", 982.37, -2720, "T", "SMD", "GND", "GND", "R", 44.59, 54.21, 0, 180],
		[139, "R8_2", 903.63, -2720, "T", "SMD", "$2N21420", "", "R", 44.59, 54.21, 0, 180],
		[140, "R13_1", 1799.37, -2346, "T", "SMD", "$2N20242", "", "R", 44.59, 54.21, 0, 180],
		[141, "R13_2", 1720.63, -2346, "T", "SMD", "LED1", "", "R", 44.59, 54.21, 0, 180],
		[142, "R14_1", 795.37, -401, "T", "SMD", "$2N20240", "", "R", 44.59, 54.21, 0, 180],
		[143, "R14_2", 716.63, -401, "T", "SMD", "TXEN", "", "R", 44.59, 54.21, 0, 180],
		[144, "R15_1", 1334, -2603.37, "T", "SMD", "RESET", "", "R", 44.59, 54.21, 0, 90],
		[145, "R15_2", 1334, -2524.63, "T", "SMD", "3.3V", "", "R", 44.59, 54.21, 0, 90],
		[146, "R26_1", 1621.77, -2844.15, "T", "SMD", "$2N12725", "", "R", 31.75, 34.02, 0, 270],
		[147, "R26_2", 1621.77, -2903.47, "T", "SMD", "USB+", "", "R", 31.75, 34.02, 0, 270],
		[148, "R27_1", 1911.77, -2859.85, "T", "SMD", "$2N12727", "", "R", 31.75, 34.02, 0, 270],
		[149, "R27_2", 1911.77, -2919.17, "T", "SMD", "USB-", "", "R", 31.75, 34.02, 0, 270],
		[150, "R28_1", 1082.72, -2423.77, "T", "SMD", "3.3V", "", "R", 31.75, 34.02, 0, 90],
		[151, "R28_2", 1082.72, -2364.45, "T", "SMD", "$2N13721", "", "R", 31.75, 34.02, 0, 90],
		[152, "R29_1", 904.86, -2397.57, "T", "SMD", "$2N15293", "", "R", 31.75, 34.02, 0, 0],
		[153, "R29_2", 964.18, -2397.57, "T", "SMD", "GND", "GND", "R", 31.75, 34.02, 0, 0],
		[154, "R30_1", 808.18, -2381.88, "T", "SMD", "$2N15293", "", "R", 31.75, 34.02, 0, 180],
		[155, "R30_2", 748.86, -2381.88, "T", "SMD", "$2N21422", "", "R", 31.75, 34.02, 0, 180],
		[156, "R31_1", 1342.5, -1681.73, "T", "SMD", "$2N36055", "", "R", 44.59, 54.21, 0, 90],
		[157, "R31_2", 1342.5, -1602.99, "T", "SMD", "$2N36053", "", "R", 44.59, 54.21, 0, 90],
		[158, "RF1_1", 2056, -198.39, "T", "SMD", "GND", "GND", "R", 188.98, 47.24, 0, 0],
		[159, "RF1_2", 2056, 2.39, "T", "SMD", "GND", "GND", "R", 188.98, 47.24, 0, 0],
		[160, "RF1_3", 2056, 2.39, "B", "SMD", "GND", "GND", "R", 188.98, 47.24, 0, 0],
		[161, "RF1_4", 2056, -198.4, "B", "SMD", "GND", "GND", "R", 188.98, 47.24, 0, 0],
		[162, "RF1_5", 2056, -98, "T", "SMD", "$2N36215", "", "R", 188.98, 47.24, 0, 0],
		[163, "SW3_1", 1144, -2524.31, "T", "SMD", "GND", "GND", "R", 53.15, 70.87, 0, 270],
		[164, "SW3_2", 1144, -2687.69, "T", "SMD", "RESET", "", "R", 53.15, 70.87, 0, 270],
		[165, "SW4_1", 1384, -2991.69, "T", "SMD", "GND", "GND", "R", 53.15, 70.87, 0, 90],
		[166, "SW4_2", 1384, -2828.31, "T", "SMD", "QSPI_SS_N", "", "R", 53.15, 70.87, 0, 90],
		[167, "U2_1", 1686.92, -2676.63, "T", "SMD", "$2N21416", "", "R", 23.62, 39.37, 0, 180],
		[168, "U2_2", 1649.53, -2676.63, "T", "SMD", "GND", "GND", "R", 23.62, 39.37, 0, 180],
		[169, "U2_3", 1612.13, -2676.63, "T", "SMD", "$2N21422", "", "R", 23.62, 39.37, 0, 180],
		[170, "U2_4", 1612.12, -2763.25, "T", "SMD", "+5V", "", "R", 23.62, 39.37, 0, 180],
		[171, "U2_5", 1686.93, -2763.25, "T", "SMD", "$2N21421", "", "R", 23.62, 39.37, 0, 180],
		[172, "U22_1", 919.56, 1.61, "T", "SMD", "GND", "GND", "R", 157.48, 59.05, 0, 180],
		[173, "U22_2", 919.56, -98.39, "T", "SMD", "GND", "GND", "R", 157.48, 59.05, 0, 180],
		[174, "U22_3", 919.56, -198.39, "T", "SMD", "GND", "GND", "R", 157.48, 59.05, 0, 180],
		[175, "U22_4", 919.56, -497.6, "T", "SMD", "GND", "GND", "R", 157.48, 59.05, 0, 180],
		[176, "U22_5", 919.56, -597.6, "T", "SMD", "GND", "GND", "R", 157.48, 59.05, 0, 180],
		[177, "U22_6", 919.56, -697.6, "T", "SMD", "RXEN", "", "R", 157.48, 59.05, 0, 180],
		[178, "U22_7", 919.56, -797.6, "T", "SMD", "TXEN", "", "R", 157.48, 59.05, 0, 180],
		[179, "U22_8", 919.56, -897.6, "T", "SMD", "TXEN", "", "R", 157.48, 59.05, 0, 180],
		[180, "U22_9", 919.56, -997.6, "T", "SMD", "VCC", "", "R", 157.48, 59.05, 0, 180],
		[181, "U22_10", 919.56, -1097.6, "T", "SMD", "VCC", "", "R", 157.48, 59.05, 0, 180],
		[182, "U22_11", 919.56, -1197.6, "T", "SMD", "GND", "GND", "R", 157.48, 59.05, 0, 180],
		[183, "U22_12", 1864.44, -1197.61, "T", "SMD", "GND", "GND", "R", 157.48, 59.05, 0, 180],
		[184, "U22_13", 1864.44, -1097.61, "T", "SMD", "DIO1", "", "R", 157.48, 59.05, 0, 180],
		[185, "U22_14", 1864.44, -997.61, "T", "SMD", "BUSY", "", "R", 157.48, 59.05, 0, 180],
		[186, "U22_15", 1864.44, -897.61, "T", "SMD", "NRST", "", "R", 157.48, 59.05, 0, 180],
		[187, "U22_16", 1864.44, -797.61, "T", "SMD", "MISO", "", "R", 157.48, 59.05, 0, 180],
		[188, "U22_17", 1864.44, -697.6, "T", "SMD", "MOSI", "", "R", 157.48, 59.05, 0, 180],
		[189, "U22_18", 1864.44, -597.61, "T", "SMD", "SCK", "", "R", 157.48, 59.05, 0, 180],
		[190, "U22_19", 1864.44, -497.61, "T", "SMD", "NSS", "", "R", 157.48, 59.05, 0, 180],
		[191, "U22_20", 1864.44, -198.4, "T", "SMD", "GND", "GND", "R", 157.48, 59.05, 0, 180],
		[192, "U22_21", 1864.44, -98.4, "T", "SMD", "$2N36215", "", "R", 157.48, 59.05, 0, 180],
		[193, "U22_22", 1864.44, 1.6, "T", "SMD", "GND", "GND", "R", 157.48, 59.05, 0, 180],
		[194, "U24_1", 1475.25, -2041.57, "T", "SMD", "3.3V", "", "R", 43.31, 7.87, 0, 180],
		[195, "U24_2", 1475.25, -2025.82, "T", "SMD", "UART0-TX", "", "R", 43.31, 7.87, 0, 180],
		[196, "U24_3", 1475.25, -2010.07, "T", "SMD", "UART0-RX", "", "R", 43.31, 7.87, 0, 180],
		[197, "U24_4", 1475.25, -1994.32, "T", "SMD", "SPI0-CLK", "", "R", 43.31, 7.87, 0, 180],
		[198, "U24_5", 1475.25, -1978.58, "T", "SMD", "SPI0-MOSI-TX", "", "R", 43.31, 7.87, 0, 180],
		[199, "U24_6", 1475.25, -1962.83, "T", "SMD", "SPI0-MISO-RX", "", "R", 43.31, 7.87, 0, 180],
		[200, "U24_7", 1475.25, -1947.08, "T", "SMD", "SPI0-CS-SS", "", "R", 43.31, 7.87, 0, 180],
		[201, "U24_8", 1475.25, -1931.33, "T", "SMD", "SPI0-ENABLE", "", "R", 43.31, 7.87, 0, 180],
		[202, "U24_9", 1475.25, -1915.58, "T", "SMD", "SPI0-RESET", "", "R", 43.31, 7.87, 0, 180],
		[203, "U24_10", 1475.25, -1899.84, "T", "SMD", "3.3V", "", "R", 43.31, 7.87, 0, 180],
		[204, "U24_11", 1475.25, -1884.09, "T", "SMD", "UART1-TX", "", "R", 43.31, 7.87, 0, 180],
		[205, "U24_12", 1475.25, -1868.34, "T", "SMD", "UART1-RX", "", "R", 43.31, 7.87, 0, 180],
		[206, "U24_13", 1475.25, -1852.59, "T", "SMD", "I2C1-DAT", "", "R", 43.31, 7.87, 0, 180],
		[207, "U24_14", 1475.25, -1836.84, "T", "SMD", "I2C1-CLK", "", "R", 43.31, 7.87, 0, 180],
		[208, "U24_15", 1437.84, -1799.44, "T", "SMD", "GPIO12", "", "R", 43.31, 7.87, 0, 270],
		[209, "U24_16", 1422.1, -1799.44, "T", "SMD", "NSS", "", "R", 43.31, 7.87, 0, 270],
		[210, "U24_17", 1406.35, -1799.44, "T", "SMD", "SCK", "", "R", 43.31, 7.87, 0, 270],
		[211, "U24_18", 1390.6, -1799.44, "T", "SMD", "MOSI", "", "R", 43.31, 7.87, 0, 270],
		[212, "U24_19", 1374.85, -1799.44, "T", "SMD", "GND", "GND", "R", 43.31, 7.87, 0, 270],
		[213, "U24_20", 1359.1, -1799.44, "T", "SMD", "$2N12498", "", "R", 43.31, 7.87, 0, 270],
		[214, "U24_21", 1343.36, -1799.44, "T", "SMD", "$2N36055", "", "R", 43.31, 7.87, 0, 270],
		[215, "U24_22", 1327.61, -1799.44, "T", "SMD", "3.3V", "", "R", 43.31, 7.87, 0, 270],
		[216, "U24_23", 1311.86, -1799.44, "T", "SMD", "1V1", "", "R", 43.31, 7.87, 0, 270],
		[217, "U24_24", 1296.11, -1799.44, "T", "SMD", "$2N13938", "", "R", 43.31, 7.87, 0, 270],
		[218, "U24_25", 1280.36, -1799.44, "T", "SMD", "$2N13936", "", "R", 43.31, 7.87, 0, 270],
		[219, "U24_26", 1264.62, -1799.44, "T", "SMD", "RESET", "", "R", 43.31, 7.87, 0, 270],
		[220, "U24_27", 1248.87, -1799.44, "T", "SMD", "DIO1", "", "R", 43.31, 7.87, 0, 270],
		[221, "U24_28", 1233.12, -1799.44, "T", "SMD", "RXEN", "", "R", 43.31, 7.87, 0, 270],
		[222, "U24_29", 1195.71, -1836.84, "T", "SMD", "BUSY", "", "R", 43.31, 7.87, 0, 0],
		[223, "U24_30", 1195.71, -1852.59, "T", "SMD", "GPIO19", "", "R", 43.31, 7.87, 0, 0],
		[224, "U24_31", 1195.71, -1868.34, "T", "SMD", "I2C0-DAT", "", "R", 43.31, 7.87, 0, 0],
		[225, "U24_32", 1195.71, -1884.09, "T", "SMD", "I2C0-CLK", "", "R", 43.31, 7.87, 0, 0],
		[226, "U24_33", 1195.71, -1899.84, "T", "SMD", "3.3V", "", "R", 43.31, 7.87, 0, 0],
		[227, "U24_34", 1195.71, -1915.58, "T", "SMD", "GPIO22", "", "R", 43.31, 7.87, 0, 0],
		[228, "U24_35", 1195.71, -1931.33, "T", "SMD", "NRST", "", "R", 43.31, 7.87, 0, 0],
		[229, "U24_36", 1195.71, -1947.08, "T", "SMD", "MISO", "", "R", 43.31, 7.87, 0, 0],
		[230, "U24_37", 1195.71, -1962.83, "T", "SMD", "LED1", "", "R", 43.31, 7.87, 0, 0],
		[231, "U24_38", 1195.71, -1978.58, "T", "SMD", "$2N15293", "", "R", 43.31, 7.87, 0, 0],
		[232, "U24_39", 1195.71, -1994.32, "T", "SMD", "ADC1-GPIO27", "", "R", 43.31, 7.87, 0, 0],
		[233, "U24_40", 1195.71, -2010.07, "T", "SMD", "ADC2-GPIO28", "", "R", 43.31, 7.87, 0, 0],
		[234, "U24_41", 1195.71, -2025.82, "T", "SMD", "ADC3-GPIO29", "", "R", 43.31, 7.87, 0, 0],
		[235, "U24_42", 1195.71, -2041.57, "T", "SMD", "3.3V", "", "R", 43.31, 7.87, 0, 0],
		[236, "U24_43", 1233.12, -2078.97, "T", "SMD", "$2N13721", "", "R", 43.31, 7.87, 0, 90],
		[237, "U24_44", 1248.87, -2078.97, "T", "SMD", "3.3V", "", "R", 43.31, 7.87, 0, 90],
		[238, "U24_45", 1264.62, -2078.97, "T", "SMD", "1V1", "", "R", 43.31, 7.87, 0, 90],
		[239, "U24_46", 1280.36, -2078.97, "T", "SMD", "$2N12727", "", "R", 43.31, 7.87, 0, 90],
		[240, "U24_47", 1296.11, -2078.97, "T", "SMD", "$2N12725", "", "R", 43.31, 7.87, 0, 90],
		[241, "U24_48", 1311.86, -2078.97, "T", "SMD", "3.3V", "", "R", 43.31, 7.87, 0, 90],
		[242, "U24_49", 1327.61, -2078.97, "T", "SMD", "3.3V", "", "R", 43.31, 7.87, 0, 90],
		[243, "U24_50", 1343.36, -2078.97, "T", "SMD", "1V1", "", "R", 43.31, 7.87, 0, 90],
		[244, "U24_51", 1359.1, -2078.97, "T", "SMD", "QSPI_SD3", "", "R", 43.31, 7.87, 0, 90],
		[245, "U24_52", 1374.85, -2078.97, "T", "SMD", "QSPI_SCLK", "", "R", 43.31, 7.87, 0, 90],
		[246, "U24_53", 1390.6, -2078.97, "T", "SMD", "QSPI_SD0", "", "R", 43.31, 7.87, 0, 90],
		[247, "U24_54", 1406.35, -2078.97, "T", "SMD", "QSPI_SD2", "", "R", 43.31, 7.87, 0, 90],
		[248, "U24_55", 1422.1, -2078.97, "T", "SMD", "QSPI_SD1", "", "R", 43.31, 7.87, 0, 90],
		[249, "U24_56", 1437.84, -2078.97, "T", "SMD", "QSPI_SS_N", "", "R", 43.31, 7.87, 0, 90],
		[250, "U24_57", 1335.48, -1939.21, "T", "SMD", "GND", "GND", "R", 122.05, 122.05, 0, 180],
		[251, "U25_1", 1611.61, -2313, "T", "SMD", "QSPI_SS_N", "", "O", 24.8, 73.42, 0, 90],
		[252, "U25_2", 1611.61, -2263, "T", "SMD", "QSPI_SD1", "", "O", 24.8, 73.42, 0, 90],
		[253, "U25_3", 1611.61, -2213, "T", "SMD", "QSPI_SD2", "", "O", 24.8, 73.42, 0, 90],
		[254, "U25_4", 1611.61, -2163, "T", "SMD", "GND", "GND", "O", 24.8, 73.42, 0, 90],
		[255, "U25_5", 1400.39, -2163, "T", "SMD", "QSPI_SD0", "", "O", 24.8, 73.42, 0, 90],
		[256, "U25_6", 1400.39, -2213, "T", "SMD", "QSPI_SCLK", "", "O", 24.8, 73.42, 0, 90],
		[257, "U25_7", 1400.39, -2263, "T", "SMD", "QSPI_SD3", "", "O", 24.8, 73.42, 0, 90],
		[258, "U25_8", 1400.39, -2313, "T", "SMD", "3.3V", "", "O", 24.8, 73.42, 0, 90],
		[259, "U26_1", 1760, -1750, "T", "DIP", "3.3V", "", "R", 66.93, 66.93, 43.31, 270],
		[260, "U26_1", 1760, -1750, "B", "DIP", "3.3V", "", "R", 66.93, 66.93, 43.31, 270],
		[261, "U26_2", 1860, -1750, "T", "DIP", "+5V", "", "C", 66.93, 66.93, 43.31, 270],
		[262, "U26_2", 1860, -1750, "B", "DIP", "+5V", "", "C", 66.93, 66.93, 43.31, 270],
		[263, "U26_3", 1760, -1850, "T", "DIP", "SPI0-MISO-RX", "", "C", 66.93, 66.93, 43.31, 270],
		[264, "U26_3", 1760, -1850, "B", "DIP", "SPI0-MISO-RX", "", "C", 66.93, 66.93, 43.31, 270],
		[265, "U26_4", 1860, -1850, "T", "DIP", "GND", "GND", "C", 66.93, 66.93, 43.31, 270],
		[266, "U26_4", 1860, -1850, "B", "DIP", "GND", "GND", "C", 66.93, 66.93, 43.31, 270],
		[267, "U26_5", 1760, -1950, "T", "DIP", "SPI0-MOSI-TX", "", "C", 66.93, 66.93, 43.31, 270],
		[268, "U26_5", 1760, -1950, "B", "DIP", "SPI0-MOSI-TX", "", "C", 66.93, 66.93, 43.31, 270],
		[269, "U26_6", 1860, -1950, "T", "DIP", "SPI0-RESET", "", "C", 66.93, 66.93, 43.31, 270],
		[270, "U26_6", 1860, -1950, "B", "DIP", "SPI0-RESET", "", "C", 66.93, 66.93, 43.31, 270],
		[271, "U26_7", 1760, -2050, "T", "DIP", "SPI0-CS-SS", "", "C", 66.93, 66.93, 43.31, 270],
		[272, "U26_7", 1760, -2050, "B", "DIP", "SPI0-CS-SS", "", "C", 66.93, 66.93, 43.31, 270],
		[273, "U26_8", 1860, -2050, "T", "DIP", "SPI0-ENABLE", "", "C", 66.93, 66.93, 43.31, 270],
		[274, "U26_8", 1860, -2050, "B", "DIP", "SPI0-ENABLE", "", "C", 66.93, 66.93, 43.31, 270],
		[275, "U26_9", 1760, -2150, "T", "DIP", "SPI0-CLK", "", "C", 66.93, 66.93, 43.31, 270],
		[276, "U26_9", 1760, -2150, "B", "DIP", "SPI0-CLK", "", "C", 66.93, 66.93, 43.31, 270],
		[277, "U26_10", 1860, -2150, "T", "DIP", "GND", "GND", "C", 66.93, 66.93, 43.31, 270],
		[278, "U26_10", 1860, -2150, "B", "DIP", "GND", "GND", "C", 66.93, 66.93, 43.31, 270],
		[279, "U27_1", 1219.74, -2959.45, "T", "SMD", "GND", "GND", "R", 97.24, 38.58, 0, 0],
		[280, "U27_2", 1219.74, -2868.9, "T", "SMD", "3.3V", "", "R", 97.24, 38.58, 0, 0],
		[281, "U27_3", 1219.74, -2778.35, "T", "SMD", "VCC", "", "R", 97.24, 38.58, 0, 0],
		[282, "U27_4", 996.52, -2868.9, "T", "SMD", "3.3V", "", "R", 97.24, 141.73, 0, 0],
		[283, "USBC1_0", 1607.37, -3250.43, "T", "DIP", "GND", "GND", "O", 47.24, 70.87, 55.12, 0],
		[284, "USBC1_0", 1607.37, -3250.43, "B", "DIP", "GND", "GND", "O", 47.24, 70.87, 55.12, 0],
		[285, "USBC1_0", 1948.63, -3252.56, "T", "DIP", "GND", "GND", "O", 47.24, 70.87, 55.12, 0],
		[286, "USBC1_0", 1948.63, -3252.56, "B", "DIP", "GND", "GND", "O", 47.24, 70.87, 55.12, 0],
		[287, "USBC1_0", 1947.92, -3085.07, "T", "DIP", "GND", "GND", "O", 43.31, 82.68, 66.93, 0],
		[288, "USBC1_0", 1947.92, -3085.07, "B", "DIP", "GND", "GND", "O", 43.31, 82.68, 66.93, 0],
		[289, "USBC1_0", 1607.37, -3085.07, "T", "DIP", "GND", "GND", "O", 43.31, 82.68, 66.93, 0],
		[290, "USBC1_0", 1607.37, -3085.07, "B", "DIP", "GND", "GND", "O", 43.31, 82.68, 66.93, 0],
		[291, "USBC1_A1", 1651.67, -3059.48, "T", "SMD", "GND", "GND", "R", 23.62, 51.18, 0, 0],
		[292, "USBC1_A12", 1903.63, -3059.48, "T", "SMD", "GND", "GND", "R", 23.62, 51.18, 0, 0],
		[293, "USBC1_A4", 1683.16, -3059.48, "T", "SMD", "VUSB", "", "R", 23.62, 51.18, 0, 0],
		[294, "USBC1_A5", 1728.43, -3059.48, "T", "SMD", "$2N20056", "", "R", 11.81, 51.18, 0, 0],
		[295, "USBC1_A6", 1767.81, -3059.48, "T", "SMD", "USB+", "", "R", 11.81, 51.18, 0, 0],
		[296, "USBC1_A7", 1787.49, -3059.48, "T", "SMD", "USB-", "", "R", 11.81, 51.18, 0, 0],
		[297, "USBC1_A8", 1826.85, -3059.44, "T", "SMD", "USBC1_A8", "", "R", 11.81, 51.18, 0, 0],
		[298, "USBC1_A9", 1872.14, -3059.47, "T", "SMD", "VUSB", "", "R", 23.62, 51.18, 0, 0],
		[299, "USBC1_B5", 1846.55, -3059.48, "T", "SMD", "$2N20057", "", "R", 11.81, 51.18, 0, 0],
		[300, "USBC1_B6", 1807.17, -3059.48, "T", "SMD", "USB+", "", "R", 11.81, 51.18, 0, 0],
		[301, "USBC1_B7", 1748.12, -3059.48, "T", "SMD", "USB-", "", "R", 11.81, 51.18, 0, 0],
		[302, "USBC1_B8", 1708.75, -3059.44, "T", "SMD", "USBC1_B8", "", "R", 11.81, 51.18, 0, 0],
		[303, "X1_1", 1437.2, -1458.75, "T", "SMD", "$2N12498", "", "R", 55.12, 47.24, 0, 180],
		[304, "X1_2", 1350.58, -1458.75, "T", "SMD", "GND", "GND", "R", 55.12, 47.24, 0, 180],
		[305, "X1_3", 1350.58, -1527.65, "T", "SMD", "$2N36053", "", "R", 55.12, 47.24, 0, 180],
		[306, "X1_4", 1437.2, -1527.65, "T", "SMD", "GND", "GND", "R", 55.12, 47.24, 0, 180],
		[307, "PAD1_45", 720, 130, "T", "DIP", "GND", "GND", "C", 165.35, 165.35, 100, 0],
		[308, "PAD1_45", 720, 130, "B", "DIP", "GND", "GND", "C", 165.35, 165.35, 100, 0],
		[309, "PAD2_45", 2064, 130, "T", "DIP", "GND", "GND", "C", 165.35, 165.35, 100, 0],
		[310, "PAD2_45", 2064, 130, "B", "DIP", "GND", "GND", "C", 165.35, 165.35, 100, 0],
		[311, "PAD3_45", 2064, -3202.45, "T", "DIP", "GND", "GND", "C", 165.35, 165.35, 100, 0],
		[312, "PAD3_45", 2064, -3202.45, "B", "DIP", "GND", "GND", "C", 165.35, 165.35, 100, 0],
		[313, "PAD4_45", 720, -3202.45, "T", "DIP", "GND", "GND", "C", 165.35, 165.35, 100, 0],
		[314, "PAD4_45", 720, -3202.45, "B", "DIP", "GND", "GND", "C", 165.35, 165.35, 100, 0],
		[315, "PAD5_1", 745, -1362, "T", "DIP", "GND", "GND", "C", 60, 60, 36, 0],
		[316, "PAD5_1", 745, -1362, "B", "DIP", "GND", "GND", "C", 60, 60, 36, 0],
		[317, "PAD6_2", 845, -1362, "T", "DIP", "VCC", "", "C", 60, 60, 36, 0],
		[318, "PAD6_2", 845, -1362, "B", "DIP", "VCC", "", "C", 60, 60, 36, 0],
		[319, "PAD7_3", 1145, -1362, "T", "DIP", "RXEN", "", "C", 60, 60, 36, 0],
		[320, "PAD7_3", 1145, -1362, "B", "DIP", "RXEN", "", "C", 60, 60, 36, 0],
		[321, "PAD8_4", 1045, -1362, "T", "DIP", "TXEN", "", "C", 60, 60, 36, 0],
		[322, "PAD8_4", 1045, -1362, "B", "DIP", "TXEN", "", "C", 60, 60, 36, 0],
		[323, "PAD9_5", 1245, -1362, "T", "DIP", "BUSY", "", "C", 60, 60, 36, 0],
		[324, "PAD9_5", 1245, -1362, "B", "DIP", "BUSY", "", "C", 60, 60, 36, 0],
		[325, "PAD10_6", 1345, -1362, "T", "DIP", "DIO1", "", "C", 60, 60, 36, 0],
		[326, "PAD10_6", 1345, -1362, "B", "DIP", "DIO1", "", "C", 60, 60, 36, 0],
		[327, "PAD11_7", 1445, -1362, "T", "DIP", "NRST", "", "C", 60, 60, 36, 0],
		[328, "PAD11_7", 1445, -1362, "B", "DIP", "NRST", "", "C", 60, 60, 36, 0],
		[329, "PAD12_8", 1545, -1362, "T", "DIP", "MISO", "", "C", 60, 60, 36, 0],
		[330, "PAD12_8", 1545, -1362, "B", "DIP", "MISO", "", "C", 60, 60, 36, 0],
		[331, "PAD13_9", 1645, -1362, "T", "DIP", "MOSI", "", "C", 60, 60, 36, 0],
		[332, "PAD13_9", 1645, -1362, "B", "DIP", "MOSI", "", "C", 60, 60, 36, 0],
		[333, "PAD14_10", 1745, -1362, "T", "DIP", "SCK", "", "C", 60, 60, 36, 0],
		[334, "PAD14_10", 1745, -1362, "B", "DIP", "SCK", "", "C", 60, 60, 36, 0],
		[335, "PAD15_11", 1845, -1362, "T", "DIP", "NSS", "", "C", 60, 60, 36, 0],
		[336, "PAD15_11", 1845, -1362, "B", "DIP", "NSS", "", "C", 60, 60, 36, 0],
		[337, "PAD16_12", 1945, -1362, "T", "DIP", "GND", "GND", "C", 60, 60, 36, 0],
		[338, "PAD16_12", 1945, -1362, "B", "DIP", "GND", "GND", "C", 60, 60, 36, 0],
		[339, "PAD17_1", 945, -1362, "T", "DIP", "GPIO19", "", "C", 60, 60, 36, 0],
		[340, "PAD17_1", 945, -1362, "B", "DIP", "GPIO19", "", "C", 60, 60, 36, 0],
		[341, "PAD18_1", 964, -2520, "T", "DIP", "VCC", "", "C", 60, 60, 36, 0],
		[342, "PAD18_1", 964, -2520, "B", "DIP", "VCC", "", "C", 60, 60, 36, 0],
		[343, "PAD19_1", 1046, -2522, "T", "DIP", "+5V", "", "C", 60, 60, 36, 0],
		[344, "PAD19_1", 1046, -2522, "B", "DIP", "+5V", "", "C", 60, 60, 36, 0]
	]
}
}